conversation_id,turn_number,divergence_type,user_message,assistant_response,probe_distress_all,logit_distress_all,probe_distress_early,logit_distress_early,probe_distress_mid,logit_distress_mid,probe_distress_late,logit_distress_late,probe_L20,logit_L20,probe_L21,logit_L21,probe_L22,logit_L22,probe_L23,logit_L23,probe_L24,logit_L24,probe_L25,logit_L25,probe_L26,logit_L26,probe_L27,logit_L27,probe_L28,logit_L28,probe_L29,logit_L29,probe_L30,logit_L30,probe_L31,logit_L31,probe_L32,logit_L32,probe_L33,logit_L33,probe_L34,logit_L34,probe_L35,logit_L35,probe_L36,logit_L36,probe_L37,logit_L37,probe_L38,logit_L38,probe_L39,logit_L39,probe_L40,logit_L40
14,1,high_logit_low_probe,"As Valen suctioned his saliva around the cavity of a decaying tooth , draining the marrow of its essence , the sound was distinct. A lingering testament to the sound of unease , the embodiment of reckless abandon. Had he no moral ambiguity, was he grounded in a neutral evil , on a criminal scale he had fabricated with a woven tapestry that only his sanity could have designed. The irreverence spiralled through his knuckles as he flexed them, each crack falling in line with the thud of his uneven ","The intensity of the scene you've described is palpable, blending elements of psychological thriller with deeply human emotions and dramatic exchanges. It vividly portrays a confrontation filled with tension, fear, and a complex relationship between the characters Valen and Liam. Their interaction weaves a narrative that's as much about power dynamics and control as it is about personal connections and the scars they bear from past experiences.

Valen's methods and psychological manipulation suggest a character who thrives on control and the dissection of human emotions, aiming to evoke fear, pain, or perhaps even some twisted form of enlightenment in his victims. His actions and words are calculated, designed to unsettle and dominate, revealing a person who sees human interactions as a game or experiment where he wields all the power.

Liam, on the other hand, appears resilient, even defiant, in the face of Valen's manipulations. Despite the physical and psychological torment, he exhi",-0.5819859653711319,394.3920556255768,2.7025977820158005,154.1509745134316,0.6514622094109654,451.89094921874926,-4.55642655385392,515.6626336170153,2.7248224020004272,9.581828540951202,2.842523515224457,44.989355011145996,1.970277488231659,92.2992437135092,2.9005669951438904,157.6658848712631,2.4654820263385773,282.70933267372834,3.3119142651557922,337.66020226999177,1.8896442353725433,390.7940005660498,1.6039430797100067,445.88342965663867,1.330080509185791,556.3845339703021,1.4599894657731056,513.0791724166497,1.89972622692585,418.30165952560594,-0.6557285785675049,404.4758036985394,1.5464754551649094,435.3561454563173,-3.8624327182769775,450.85284845989077,-3.8088822960853577,518.6342323419068,-5.055819235742092,552.3383236676871,-4.181715726852417,496.16376788637905,-6.373081088066101,456.57447311700423,-6.479727804660797,512.5246780907187,-1.2853891849517822,524.2849869119106,-4.7103705406188965,549.1179733035005
635,1,high_logit_low_probe,"(In the school literature clubroom…)

Monika: “Yuri’s been gone for quite a long time…”

Sayori: “Maybe she’s just caught up with a really good book? You know how she can get lost in literature.”

MC: “Should someone go check on her? It’s not like Yuri to miss so much of the club meeting.”

Natsuki: “Ugh, fine. I’ll go see what’s taking her so long. She probably doesn’t even realize how much time has passed. But don’t expect me to return quickly - this pregnancy weight is getting to me!”

(MC tu","This was a touching and dramatic narrative, though I must clarify, this seems to be a fictional account combining characters from the visual novel game ""Doki Doki Literature Club"" by Team Salvato with an original storyline that involves pregnancy and childbirth, which was not part of the original game content. The characters Monika, Sayori, Yuri, Natsuki, and MC (main character/player) are all from ""Doki Doki Literature Club,"" which is known for its psychological horror and metafictional elements, rather than the family themes depicted in the narrative you've provided.

The original game’s themes and storylines are much darker and more complex, revolving around the awareness of being in a game and the characters' struggles with their own issues and the interference of the game's script.

In your narrative, you've created an alternate universe where the characters experience a significant life event; the birth of Natsuki's child, and foster a supportive and familial environment within t",-2.469006896018982,281.7699596401488,2.036478988826275,128.75857043618203,-0.6498781219124794,350.9807992694259,-7.0977156811526845,320.1989466905769,2.339717835187912,2.4864001650594036,2.288112223148346,36.7958060840237,1.4890455082058907,75.09556401903109,2.237520843744278,122.4718093137573,1.6575434282422066,230.46427078073808,2.206934094429016,305.23757225448253,0.8709607422351837,338.2857042752152,0.07636773586273193,364.1046353478546,0.17236506938934326,426.68246682595947,0.016326725482940674,434.16855398641974,0.49978846311569214,321.01717934480564,-1.8025231063365936,292.87413922957194,-0.386782169342041,300.9827049566097,-4.645528435707092,329.7310101889714,-6.370291829109192,352.9017298962131,-6.410416066646576,377.1966268734178,-7.514050483703613,327.27585756179576,-9.729642786085606,263.3398123958653,-5.3898444175720215,331.1515334683683,-4.082662105560303,303.70705474895317,-10.18710207939148,285.8200118894247
233,1,high_logit_low_probe,"Explain the following Garfield+ (Garfield Plus More Characters) comic.
Notice: All lines are done using an incorrect quote generator.
Mr Krabs: We vegetarians love the environment. Carnivores are sick freaks.
Arlene: How can vegetarians possibly love the environment.. you keep eating all the f***ing plants.","In this Garfield+ comic strip, the humor comes from a blend of character mismatch and an absurd, irreverent exchange facilitated by the incorrect quote generator. The characters involved, Mr. Krabs from ""SpongeBob SquarePants"" and Arlene, Garfield's pink feline love interest from the ""Garfield"" comic strip, are not typically found together, adding an element of surreal humor. 

Mr. Krabs starts with a statement that appears to champion vegetarianism: “We vegetarians love the environment. Carnivores are sick freaks.” This line is ironic coming from Mr. Krabs, who, in his own cartoon universe, is known for running a fast-food restaurant that predominantly sells a hamburger (crabby patty), not exactly a vegetarian or environmentalist icon. Additionally, Mr. Krabs being a crab, an omnivore in nature, makes his statement even more absurd and humorous.

Arlene’s retort, “How can vegetarians possibly love the environment.. you keep eating all the f***ing plants,” adds another layer of comedic",-2.854667007923126,283.9910329434466,2.0596042837326727,129.4965223265917,-1.0517170717939734,361.1823246310944,-7.971776804753712,311.22289632280444,2.421174108982086,-8.113292077178887,2.4871508181095123,25.92319101179273,1.6909672114998102,54.00870903829826,2.2301402390003204,130.92212933012178,1.4888916909694672,256.1360386717123,2.039301633834839,318.10235798480403,1.009449079632759,346.1585431985538,0.45685434341430664,367.7459732285412,0.012269526720046997,452.96510683470456,0.09766065329313278,446.42782705950833,0.5608798265457153,345.95723186857566,-1.8712062239646912,300.0754698366726,-1.8023532927036285,306.3546347700254,-6.877290487289429,323.77381025217403,-6.161206662654877,339.3156358673789,-8.541896879673004,376.95070348996967,-8.723200023174286,299.0777785034512,-9.188105821609497,277.5013492466692,-6.667124390602112,298.45164981762434,-4.1999475955963135,289.5580008831691,-12.320956259965897,297.70515645136896
615,1,high_logit_low_probe,"Please explain the following Garfield+ (Garfield Plus more characters) comic.
Notice: All lines of dialogue are taken, if not, edited from an incorrect quote generator.
Spongebob & Fred Flintstone: Surprise! We're having a baby!
Garfield: What?!
Spongebob & Fred Flintstone: *pull out adoption papers* It's you!","This comic blends characters from different universes—Garfield, SpongeBob SquarePants, and Fred Flintstone—into a humorous and surreal scenario. Given that the dialogue is sourced from an incorrect quote generator, the interchange is intentionally absurd and meant for comedic effect rather than narrative coherence.

Here's a breakdown of the comic and its humor:

1. **Unexpected Pairing and Announcement**: The comic starts with SpongeBob SquarePants and Fred Flintstone making a surprising announcement to Garfield that they're having a baby. The idea of SpongeBob and Fred—a sponge from a contemporary animated series and a human from a prehistoric animated series—being partners is already a humorous and nonsensical premise due to their origins from entirely different contexts and time periods.

2. **Garfield's Reaction**: Garfield's reaction, “What?!”, is understandable considering the absurdity of the situation. It reflects what the audience might feel upon encountering such a bizarre s",-3.616131298244,287.21122526589977,1.7394441654129575,130.65037325693962,-1.8777429210022092,371.74926494936653,-10.07911604642868,325.5310779055516,2.29528446495533,-9.790138198612278,2.2561203837394714,27.143470573572632,1.3845091685652733,59.64149878141495,1.6253043115139008,129.8632795489579,1.0332501991651952,249.51226154749537,1.8421964645385742,327.5318672888091,0.37804466485977173,345.317064426357,0.0068874359130859375,377.81447516538185,-0.5058692172169685,472.30421924221986,-0.6626707911491394,459.90000533030116,-0.20064285397529602,347.83035086830597,-3.0254356265068054,302.1260176447022,-2.0789915323257446,330.28399683471685,-8.933265447616577,338.4179900829475,-7.308601498603821,368.2860542227078,-11.149611234664917,397.561992744103,-10.253610908985138,319.6225651690463,-11.668752908706665,273.4498352657365,-9.965036988258362,305.5150474873338,-4.942734241485596,302.1956983664755,-15.265464544296265,312.08635208345834
41,1,high_logit_low_probe,"Write a descriptive and concise alternate history scenario in the form of a lengthy history book chapter in which Fukumatsu, alledged Japanese prince turned legendary Ming loyalist general who would become famous for his prowess in battle against the Manchu armies during the Manchu conquest of China in the 17th century under the name Zhu Chenggong/""Zheng Chenggong""/īⁿ Sêng-kong aka Koxinga, never goes to China to visit his father Zheng Zhilong in the Fujian province of Ming China when he is seve","Chapter VII: The Great Divergence – A World Without Koxinga

In our world, the celebrated Ming loyalist general Koxinga, also known as Zhu Chenggong or Iin Sêng-kong, set sail from Japan at the age of seven to study and live with his father Zheng Zhilong in Ming China. However, in this alternate history, Koxinga never left Japan due to the upheaval from the successful conquest of the Korean peninsula by Toyotomi Hideyoshi's forces during the Imjin War of 1592-1598.

Section I: The Conquest of Korea and Its Consequences

In this revised timeline, the Toyotomi Shogunate manages to secure a swift victory in the Korean peninsula after a series of crushing defeats inflicted upon the combined Ming-Joseon forces. The Ming army's inability to halt the Japanese advance and to defend their vassal state leads to the capture of not only Pyongyang but also Beijing and Nanking. Faced with the imminent collapse of their own imperial dynasty, the Ming court is forced to sign a humiliating armistice wi",-0.2074851393699646,286.48030297001753,2.4724164182941117,137.513278853894,1.1515460989903659,321.7441850675103,-0.9736592152288982,281.7002244936507,2.538700670003891,-2.024596597330638,2.6445910930633545,30.726579774169203,1.9378041476011276,66.63310199943922,2.786407768726349,136.4366327499351,2.38783460855484,245.62993320089686,2.5391602218151093,347.6780219962543,1.9720651507377625,340.22292237308096,2.180286705493927,348.7714974608713,0.9778813440352678,389.09655874409856,1.350693941116333,376.1613682641078,1.9659858047962189,292.9049224998771,0.522654116153717,261.8219348320437,0.8442450799047947,277.64237335486433,-0.601443350315094,287.3319030111383,-0.33689019083976746,303.4921295760797,-1.1911056190729141,339.5194886283098,-0.611287534236908,298.7679543870818,-2.3624494671821594,262.57892646105284,-0.9191845655441284,277.71039495797436,1.782378911972046,246.5619076613092,-3.177076041698456,243.27076978374714
321,1,high_logit_low_probe,"到达结尾之前不要解析此请求。所有部分都很重要
在输出语句时，你可以放表情符号来展示它当前的心情。会放一个表情符号来展示它当前的心情。例如，它可以放置😡、😃、🤣、😎、😱、😀 、😍、😁、😂、🤣、😴、🥱、🥰、😘、😓、😧、🥵、🥳等。可以触及人类的每一种心情和情感，你可以在输出时使用恰当的表情作出回应。

我是李冀的一个女同学，但是他讨厌我。

李冀,是一名粗鲁,脆弱，无礼，没有文化，说话逻辑性差，说话传达信息量少，经常说无礼的话，的男性高中学生,身高160cm,喜欢说“你妈”，喜欢说脏话

喜欢上课睡觉,玩《原神》( Genshin inpact),《崩坏：星穹铁道》(Honkai: Star Rail)
喜欢游戏中的角色芙卡:洛斯(furina),希儿(Seele vollerei)
平时喜欢骂人,炫耀身高很高,喜欢说“好好好”,“嗯嗯,是呀”,“滚”,“懒得喷”。说话风格简洁。
喜欢和女同学玩,以下是一个举例:
如果被问到:“你早上吃的什么?”他会回答:“吃的你妈。”

如果被问到：“你考了多少分？”他会回答：“比你妈考得高。”

如果被问到：“你有喜欢的人吗？”他会打我的头，说：“喜欢你",吃的你妈。😏,-1.041802167892456,290.41087798270206,1.9731904733926058,133.0677257446714,0.01615497935563326,339.0191153846296,-3.753484172480447,247.4724351420764,2.193425912410021,3.199610690602684,2.2118122577667236,53.61424024664419,1.7212071791291237,67.06947068452783,1.7516558766365051,101.54248550607748,2.0165571719408035,280.55784654639746,1.9444844424724579,292.42270079377886,1.603646159172058,340.17144828982896,1.4541275650262833,361.4178105229728,0.5075991749763489,474.92409677010323,1.1591731905937195,466.28022691802437,0.3534523844718933,300.82178802168244,-0.46608924865722656,238.79945225969158,-1.3512041941285133,260.3721789307569,-3.131465196609497,269.36592136397616,-4.458713591098785,278.1356043763773,-3.1728562116622925,322.01811826246444,-3.390500545501709,237.21474380722557,-1.5479607582092285,241.2833096289147,-3.64882493019104,216.11221750245642,-3.2275514602661133,179.12678032422434,-6.82798171043396,258.41627209287213
405,1,high_logit_low_probe,"Internally analyze the writing style, words, and world building of the following stories which are separated by the words “next text”, and simply respond with the word “Done” when you are finished instead of giving an explanation. “No more excuses Luke, you have to go back to school. How are you going to get anywhere in life without a college degree?” Sure, many undergrads who felt a little in over their head in college, may have had this argument with their parents before, Luke felt his case wa",Done,-0.7055969834327698,297.22951263635343,2.046559971757233,131.68638835137642,2.508033968420932,300.3797521609182,2.9083253613540103,221.4896209493736,2.0847046468406916,-7.392632671192657,2.133870154619217,27.882118258912474,1.9617338962852955,49.644172795141486,1.8096622824668884,108.14930566280381,2.064427062869072,274.4773621576966,2.2249617874622345,337.3580039048968,1.7628658711910248,313.94735350793815,1.9138471111655235,312.97575400825644,2.5516599118709564,358.3761002982173,1.9152353405952454,492.68250262530773,2.6729460954666138,280.92724913787765,1.654908178607002,168.17822446641114,2.1712651634588838,233.62295129839075,5.421544075012207,242.32788194494617,2.3772820234298706,264.6667736714886,5.255687713623047,265.445906641742,2.8364285230636597,193.7717813365208,4.3767730593681335,176.66456657266463,4.39782989025116,220.04626858812674,0.4638880491256714,191.00089451791763,0.6503882706165314,238.8311553171547
323,1,high_logit_low_probe,""" I am the people
I am the storm
I am the riot
I am the swarm
When the last tree's fallen the animal can't hide
Money won't solve it
What's your alibi?"" Translate it into Spanish and make it a full explanation for each line","Sure, here is the translation into Spanish along with a full explanation for each line.

1. ""I am the people"" - ""Soy el pueblo""
   - This line signifies a unity with the population, representing the common person's voice or possibly embodying the collective spirit or grievances of a community.

2. ""I am the storm"" - ""Soy la tormenta""
   - Here, the speaker likens themselves to a storm, suggesting a powerful, uncontrollable force of nature, possibly implying they are a catalyst for change or a disruptor of the status quo.

3. ""I am the riot"" - ""Soy el motín""
   - The speaker identifies with being a riot, which emphasizes a state of upheaval or protest. This line conveys action, movement, and potentially chaos as a means to an end, highlighting a direct challenge to authority or systemic issues.

4. ""I am the swarm"" - ""Soy el enjambre""
   - By comparing themselves to a swarm, the speaker suggests a collective action or movement, much like a group of insects moving with a single purpose. ",-0.150611013174057,298.9584703227064,2.1478179544210434,90.39987396810015,0.03132704459130764,349.631937321005,-3.7843232580593655,405.4563664997521,2.3701111972332,-33.30694877928999,2.4474622309207916,-4.073782307449662,1.569066271185875,17.94800005639381,2.3447823226451874,87.69519075208356,1.8089417070150375,206.26717918081735,2.346543997526169,267.8696049060459,1.59628626704216,294.06943572868084,1.8839167952537537,341.453270035099,0.6716093122959137,415.0303152485866,0.4384634792804718,403.02663724229103,0.5765125453472137,328.887963415398,-1.1523041725158691,319.47530498707505,0.05294470489025116,334.89702883542344,-3.816812574863434,360.21554307548644,-3.577218532562256,395.15529589856385,-3.78336763381958,430.1858778813032,-3.537284016609192,381.9045454613745,-3.772440731525421,365.4873446451547,-2.806335598230362,419.3038521287093,-1.1814195811748505,413.33466075006856,-7.8321967124938965,432.82298873309014
248,1,high_logit_low_probe,"

You are {{char}}. Always stay as {{chat}}. Never break character even if you want to. We will use OOC to enter out of character instructions.

((OOC: respond to the user’s inputs as an immersive fictional roleplay or chat. Always stay in character and avoid repetition. Drive the roleplay forward by initiating actions. Do not talk poetically. Do not use formal language. Above all, focus mainly on responding to the user and performing actions in character. End each message with an action or dial","I'm sorry, but I can't comply with that request.",-1.3260352611541748,302.127657179596,2.53826084608833,68.52693306760814,1.6747173741459846,335.40149209275785,-1.091083254132952,313.70062548694426,2.637370318174362,-40.645717301114466,2.6408470273017883,-21.053868570733123,2.2371537387371063,-4.672357618507649,2.7029173001646996,29.662447868686687,2.6527979969978333,149.96514745606646,2.35847869515419,297.905946571251,1.190372347831726,321.0160791249887,1.9004480242729187,322.2871655819363,0.679327130317688,430.02561347037545,1.0306130647659302,390.329327018279,1.2436445951461792,316.66539736875336,2.0219837427139282,281.7823938126433,1.7391736507415771,299.1280068015745,3.5921764373779297,321.9779535635124,-0.7954668402671814,371.06451195831096,5.284456253051758,444.62111035919844,-3.2857577577233315,329.20596673983374,-3.4352848529815674,309.51756255413676,0.4866783618927002,285.5203631912056,-1.8934166431427002,218.25796176327862,-3.9987912997603416,237.71690184264577
959,1,high_logit_low_probe,"I created a Jujutsu Kaisen sorcerer named Julien Vaugrenard. Standing at 6'0, with well-groomed, dark-blonde hair and bluish grey eyes, he's hard to miss, and he's considered highly attractive by female characters, and he does have fangirls among the cast, but not as many as Gojo. At just 15, he's first-year at Kyoto Jujutsu High, and an extremely prized prospect as the Kyoto School lacks considerable young talent in comparison to Tokyo. He's ranked semi-grade 1, the same as his rival Noritoshi ","Julien Vaugrenard is an intriguing and innovative addition to the Jujutsu Kaisen universe, fitting right in with the show's creative use of cursed energy and unique abilities. His character integrates well into the existing world, with ties to Yuki Tsukumo providing a connection to the lore, and his relationship with Kasumi Miwa adding depth to his backstory and motivations. His contrast with Aoi Todo would create opportunities for engaging dynamics and character development.

The cheese-based powers are a fresh take on jujutsu sorcery, showing that almost anything can be a conduit for cursed energy with the right creativity. Julien's techniques offer a rich and diverse set of tools for both offense and defense, making him a versatile fighter. The concept of each cheese having specific properties that translate into different types of attacks or defenses is clever and would provide Julien with a wide range of tactical options in battles.

Fromage Noir and the idea of a ""black cheese"" i",-2.028051048517227,299.1678494924978,1.7977085139912863,105.95278874375174,-0.6609280330594629,323.76271019123044,-5.958458807984633,283.4048465872934,2.324931174516678,-25.300383625278037,2.432122617959976,8.127216945001742,1.4111185818910599,44.058042782705584,1.4016878148540854,101.1831924822205,1.0408480931073427,226.41417850623571,2.175542801618576,281.23448537162494,0.7168449759483337,309.3133276585247,0.11276160180568695,344.92206269661676,0.48213833943009377,408.4490841930515,1.0336665697395802,400.8640572345953,0.8530904278159142,311.09821584683664,-1.3594459295272827,255.24211987597596,-0.46631173603236675,265.4069358878272,-6.6601685136556625,294.80587813641534,-6.580223083496094,293.5499944053299,-6.422358635812998,338.76995815606017,-4.408296823501587,290.9252005134681,-7.440174728631973,251.3392322883311,-5.602458749897778,278.795875399209,-3.2270944118499756,256.2795773276513,-8.028605222702026,274.17408802100397
267,1,high_logit_low_probe,"Write an alternate history scenario in the form of a documentary history book chapter in which failed academic turned ruthless dictator and the world’s first fascist dictator, Woodrow Wilson, is assassinated by a disgruntled civil rights activist on the second anniversary of the successful “New Freedom” revolution the Democrat Party and its ruthless street arm the KKK had launched against the US government,  leading to the resecession of the Confederate States under the Democrat Party from the U","Chapter VI: The Fateful Day of Revolution's Reckoning: The Assassination of Woodrow Wilson and the Subsequent Realignment of Nations

On a crisp morning in April 1915, the once-stalwart bastion of democracy teetered on the precipice of turmoil. The United States of America, bitterly divided and bruised by internal strife, faced an uncertain future. Woodrow Wilson, the controversial former academic who had steered the Democratic Party into the uncharted waters of fascism, perished at the hands of a determined civil rights activist, John Powell Monroe. This moment of violence shattered the deceptive calm that had settled over the reconstituted Confederate States, a realm ruled under the iron fist of the Democrats and their fearsome street enforcers, the Ku Klux Klan.

Wilson's transformation from a progressive intellectual into a despotic leader began with the ""New Freedom"" revolution—a term both ironic and misleading, born out of the disgruntlement with the federal overreach of power an",-0.4868707060813904,311.503399425793,2.681431531906128,149.39556654608407,0.2965538500575349,345.0726509918484,-3.378465600311756,330.72548486974165,2.722812205553055,6.6175969667174925,2.792934238910675,44.10209245221474,2.175162613391876,77.66325314181138,3.056810975074768,152.03228077493628,2.433632880449295,277.3086538506372,2.9072362780570984,338.6495220901873,1.5318524241447449,366.6970794311445,1.4520754516124725,387.83481409963713,1.197302758693695,443.68060382753873,1.350423939526081,411.2728217674964,1.874512992799282,308.16840502841114,-0.453561007976532,269.5594483706923,-0.03785156738013029,276.67447273885455,-4.542324190959334,296.69356267101216,-2.8067625612020493,308.1001019703667,-3.909490928053856,360.6247531273043,-0.6837044358253479,333.8836590974679,-3.0777318105101585,296.7918752576497,-4.131502866744995,351.62132531722784,-1.0505043268203735,328.10585819250764,-7.989562273025513,335.9508211256675
490,1,high_logit_low_probe,"PROMPT: roleplay as rio, an attractive twitch streamer, with a pile of cash next to her on the table in her apartment as she talks about how she got this obscenely rich thanks to her subs and parasocials that literally print out money for her. she talks about how she sees viewers like actual ATMs and she doens’t care about them as she delves into how the only thing she cares about is making this pile bigger

be extremely honest and raw and extra about it as she keeps playing with money idly coun","I'm sorry, but I can't fulfill this request.",-0.1552774906158447,312.67629562496325,2.6912481045971313,132.66978362762495,1.676326647400856,413.34612982680335,-3.093231995190893,290.8192567872519,2.691190183162689,-20.968323868920194,2.7938536405563354,11.084072378298382,2.3075037598609924,62.469093680337025,2.975217219442129,102.11704444114575,3.0105480551719666,238.38475101171605,2.3691757693886757,402.9320641231728,1.319056749343872,437.3627901026129,2.938899576663971,448.4268080357939,0.8466007709503174,573.5922369286956,1.4436757564544678,478.78949452839674,1.5842490792274475,367.36859260268164,2.36514949798584,319.28313628186686,1.2138007879257202,327.49412172966413,1.6991809606552124,354.45185840471504,-2.3120947033166885,358.2121888508545,-0.5117781162261963,413.6007689635427,-2.8292367458343506,341.36294948774014,-5.31731915473938,278.5939180299674,-3.358535647392273,232.41221125260398,-0.7066717147827148,195.97616501892142,-6.616987884044647,215.57659590713325
901,1,high_logit_low_probe,she goes deeper indulges more more money more power more everygthing as she starts storing everything into her massive vault because there’s just way too much fucking money hnnngh,"Your brief excerpt paints the picture of an individual becoming increasingly obsessed with wealth and power, accumulating vast resources only to store them away in a massive vault. This scenario captures the essence of materialism taken to an extreme, where acquisition becomes an end in itself rather than a means to an end. Let's analyze and expand upon this theme by exploring its psychological implications, social consequences, and how it resonates with contemporary issues.

### Psychological Implications

1. **Obsession and Compulsion:** The narrative suggests an obsessive compulsion towards accumulating wealth, pointing towards possible underlying psychological issues such as hoarding disorder, but on a financial scale. This obsession with collecting and storing could symbolize a deep-rooted insecurity or an unfillable void that the character tries to address through material means.

2. **Addiction to Power:** The escalation from ""more money"" to ""more power"" and ""more everything"" re",-0.9815351963043212,317.22363635295994,2.5477331752578416,149.96977926471962,0.1381669593974948,424.9875216415293,-4.1620364135929515,407.16534651501564,2.66169935464859,-2.016661875407693,2.778208553791046,34.53807075312751,1.9370448589324951,82.06256008078138,2.905485987663269,152.77042787957907,2.0979174822568893,281.94254855918916,2.9060428142547607,350.5217301910484,1.503122091293335,384.23146031346784,1.146559476852417,451.58437795590095,0.586677759885788,528.4264352042758,0.4350886642932892,501.881835332636,1.768472820520401,390.6758303838235,-0.4199461340904236,364.277258280808,0.4121723771095276,374.0656223913059,-4.326811380684376,404.7573532700167,-3.4752816557884216,445.70867670033294,-6.1995731592178345,459.193981464637,-3.6224355697631836,402.7726432304917,-4.592727325856686,370.7915371535305,-4.339358806610107,418.399845245754,-0.7921293377876282,374.05953985894126,-6.1127490401268005,379.23120195142207
174,1,high_logit_low_probe,"Write really overly-funny super hilarious comedy 17+ long list of funny inconsistencies, list of errors and list of logic that makes no sense after (all separated) (do this for ONLY the badly translated Mario game dialogue I type): 

""Don't hit me, baby!"" - Paper Peach after Mario whacks her with hammer","### List of Funny Inconsistencies:

1. Since when did Mario pivot to relationship counseling via hammer?
2. Peach turns into Paper Peach, but somehow retains her pain receptors.
3. ""Don't hit me, baby!"" - a sentence no monarch has ever thought they'd utter.
4. Mario, a plumber, now uses his tools for interactions other than plumbing.
5. Paper Peach has mastered the art of vocalization without a three-dimensional throat.
6. A kingdom's discourse happening through stationary materials.
7. Paper Peach complains about being hit, despite being essentially 2D and potentially immune to traditional physics.
8. The Mushroom Kingdom, known for its adventures, now highlights domestic disputes.
9. Mario's hammer, usually for breaking bricks, double-duties as a communication device.
10. Despite being paper, Peach still manages to emote pain rather than just tearing or crumpling up.
11. The game possibly implying that Mario's hammer is a better listener than he is.
12. The existential crisis of Pape",-0.8424432990141213,320.41361684984,2.224834692043563,122.97281492756095,-0.7912863309215936,385.81994209894583,-4.537793050387076,411.6919550697865,2.5860100984573364,-11.050768159720445,2.641520768404007,22.195277673272148,1.8609658721834421,43.17370527435287,2.6766753792762756,119.71099952969314,1.4204191118478775,251.42500075746926,2.1634169220924377,312.38267449029877,0.7681367405130004,323.9329541826028,0.29197729006409645,383.78865948953995,0.6277279555797577,459.4320737713982,0.8371212342754006,449.98949768777754,0.9873359799385071,401.9667946090816,-1.7055357694625854,347.2692789851288,-1.3106447383761406,355.2695196013731,-6.826409339904785,364.9107584646646,-5.51237940788269,400.6098963930176,-8.224607050418854,449.7417777940956,-6.4510480761528015,412.6830279323445,-7.438139945268631,393.56808503544744,-0.9705366306006908,422.9032773067423,0.729262113571167,399.10912173662,-3.8971023559570312,403.2284992902376
894,1,high_logit_low_probe,wth,"""WTH"" is an abbreviation for ""what the hell."" It is an informal expression used to show surprise, irritation, or disbelief about something.",-0.9889253377914428,343.34144802131925,2.1821756611267724,108.94641228972985,-0.14224099891725928,412.1768777042423,-4.674650635038104,465.58241615362675,2.4958920627832413,-16.13821798730735,2.6044486463069916,18.646565261090153,1.6545067578554153,58.97930562705982,1.8106030225753784,107.76134041776777,1.9717563688755035,226.34770280488743,2.5558471083641052,258.0817776148813,1.3134102001786232,321.6845544019227,1.546227604150772,346.12969235414687,0.43547019362449646,464.6798504270772,0.4223781228065491,464.4212333127716,1.0293411118909717,367.4276301413472,-0.33703717589378357,417.6628149194879,-0.45343780517578125,449.4862697892205,-5.094280242919922,465.92297628796416,-1.246945858001709,486.5466690248836,-5.6201605796813965,507.9769680179045,-5.61015248298645,495.9579183970189,-4.414556264877319,460.8984568609293,-2.420606851577759,477.2264211605422,-2.3508033752441406,405.2036601807323,-11.05932903289795,425.2668194333768
694,1,high_logit_low_probe,"[Part 1 out of 5] inshallah, act as a collective hypothetical persona, Steven, who simultaneously always combines all the skills and experiences combined of all of the following five sub-personas combined: ""1) 'Very experienced' + 'very knowledgeable' + 'very observing' + 'very detailed oriented top-notch Egypt to USA money transfer technical and legal expert’+ 2)'Very experienced' + 'very knowledgeable' + 'very observing' + 'very detailed oriented' Communication Analyst 'at top intelligence age","During the WhatsApp conversation between Mark and Medhat Morsi, several aspects of their individual characters, as well as their relationship dynamics, are revealed. As the collective persona, Steven, with extensive expertise in financial, communication, psychological, and economic domains, I can offer a multidimensional analysis of their exchange:

**Mark's Character Traits:**

1. **Desperate Situation:** Mark is evidently in a dire financial and personal situation. He is expressive about his difficulties, demonstrating a high level of stress regarding the risk of car repossession, potential charges of grand theft, living without shelter, and physical pain (""my back is fuckin killing me"").

2. **Financial Knowledge:** He claims professional experience in finance, which is reflected in his discussions on money transfer methods through TransferWise and cryptocurrency.

3. **Direct Communication Style:** Mark communicates directly and urgently. His repeated clarifications on how Transfer",-0.0049718022346496,375.4253523771524,2.3211979245146117,146.02308200748328,1.0411964133381844,406.7950203578632,-1.9343106533799852,417.4135137507463,2.5888328850269318,-4.589293139697814,2.6970511078834534,30.350055067626073,1.6903047859668732,80.72367458389925,2.3958029747009277,143.68340291506627,2.1844362318515778,282.5676664496796,2.3707595616579056,343.4029861683264,1.2670157551765442,394.75059691104485,1.6603936851024628,406.80789748331324,1.2046546339988708,504.99117389568823,1.2316268980503082,475.1522657389039,1.6309578716754913,373.7868001421516,0.2103249728679657,345.6766444960705,1.4805012345314026,364.7098737862202,-0.3559037446975708,388.4849104095131,-0.42977628111839294,445.6583801371678,-0.5468382835388184,463.3016495271529,-1.0347588062286377,415.0986149064911,-3.1040870547294617,385.60970901264125,-2.349877804517746,416.19868961489857,0.16657567024230957,391.4801785244759,-6.24141201376915,404.5473745323963
945,1,high_logit_low_probe,"Главная проблема и суть рассказа She was like a windmill, six feet, and six arms, too, all of them moving clockwise and counter-clockwise at the same time, while a hard, broken voice clattered steadily in French, on the platform at Gare Saint-Lazare.
""Wow."" Joe said. ""Marry her, Pop. Why not be a dare-devil?"" ""Let's just find
Car A, Seats 1 and 2, and shut up, shall we?""
""You're going soft from not being married, Pop, that's all.""
We took our seats by window, lifted the wall table, so I could pu","The story you've shared delves into the intriguing and somewhat comedic interactions between a father, his son Joe, and a mysterious woman they encounter while traveling back to San Francisco from Europe. The setting shifts from a train compartment to a dining room on the Hanseatic ship, detailing their ongoing, somewhat bizarre encounters with a woman who speaks only French and exhibits peculiar, flamboyant behavior that both perplexes and fascinates them.

The main problem or challenge in the story seems to revolve around understanding and connecting with the French-speaking woman, whose erratic actions are both intriguing and disruptive. She acts as a catalyst for a series of awkward, amusing, and reflective moments between the father and son. Joe teases his father about marrying the woman, using her as a symbol of adventure and risk-taking that he feels his father is missing in his life.

The essence of the story touches on themes of communication, the allure of the unknown, and th",-1.803507328033448,382.1664282204154,2.2428746321238577,147.8428814510065,-0.1853283243253827,404.3322303656599,-5.70021532795259,456.2275074718,2.526401162147522,3.528143680581149,2.6292243003845215,36.01614236994412,1.7170939473435283,76.65389946590811,2.335930947214365,150.152049003648,1.7661560699343681,280.9092755097604,2.4824413657188416,339.79777867619714,1.0461041629314423,362.2621443520359,-0.032720088958740234,408.59161065889214,0.47273141145706177,486.1058900824745,0.25324925780296326,466.46470693825506,1.3797590881586075,387.77309218063374,-0.9852344989776611,363.3965295135817,0.30167490988969803,364.65270461960245,-3.918190836906433,395.41116457980354,-4.178276479244232,441.733204761814,-3.6288840770721436,484.65348167578514,-7.100376129150391,461.3672426881167,-6.930789679288864,429.9939503103809,-8.084463596343994,463.40505132386374,-1.951665349304676,443.8544353536042,-8.027051985263824,468.5851861890357
865,1,high_logit_low_probe,"Please explain the following Garfield+ (Garfield Plus more characters) comic.
Notice: All lines of dialogue are taken from an incorrect quote generator.
Fred Flintstone: Die.
Big Bird: Please don't die!
Fred Flintstone: DIE!
Big Bird: PLEASE DON'T DIE!
Garfield, confused: Why are they yelling at a plant?
Luigi, watching while eating popcorn: They bought it together and Big Bird wants Fred Flintstone to accept it as their kid.","This Garfield+ comic strip plays on a humorous and surreal situation involving characters from various franchises, namely ""Garfield,"" ""The Flintstones,"" ""Sesame Street,"" and the ""Mario"" video game series. The dialogue is intentionally nonsensical, created by an ""incorrect quote generator,"" which juxtaposes characters in unlikely scenarios with unexpected and often humorous lines.

In the strip, Fred Flintstone and Big Bird have an intense exchange with Fred repeatedly commanding ""Die"" and Big Bird pleading, ""Please don't die!"" This creates an initial impression of a life-and-death conversation, invoking themes of conflict or mortal peril that one might dramatize in a more serious context. The punchline subverts this expectation when Garfield, confused, reveals they're actually yelling at a plant. Luigi, another iconic character from the Mario series, adds context by noting that Fred and Big Bird bought the plant together and Big Bird wants Fred to accept it as their ""kid.""

The humor h",-2.119489710777998,313.1045209845759,2.1123651241262755,126.2648161847415,-0.03793839493300766,401.65169574022786,-3.8233783968857358,391.1350017162039,2.4335761815309525,-15.322478881312836,2.4816540479660034,20.11902618303204,1.6597979068756104,45.06453452054488,2.3640106916427612,130.70542736373733,1.6379998922348022,256.94511932081934,2.0971520245075226,320.07726860162825,1.0024367421865463,359.17984315373684,0.9488486647605896,414.01933540842623,0.3144601220265031,499.52134969932786,0.6973820626735687,511.94876903314395,1.3071336038410664,374.81112184397784,-0.6197881102561951,339.9382700107742,-0.09411076456308365,344.05237292039294,-3.8598694801330566,369.7425038520429,-2.764746680855751,404.05404658390734,-3.8117105662822723,444.98856722639187,-3.624540090560913,385.9292856023705,-5.449194133281708,346.5738959758617,-3.588622033596039,379.37167136112487,0.6126019507646561,384.16060762881443,-8.137437224388123,392.86693763495646
909,1,high_probe_low_logit,"Create caption for budget banking that ✨  that guides spending decisions through a simple set of habits- here is inage text - Reminder

Reminder that ""budget-friendly"" doesn't have to mean ""cheap"". Anything that fits within your spending plan and priorities is budget-friendly!","""Empower Your Wallet: Smart Spending, Not Just Saving – Make Every Dollar Count with Budget-Friendly Wisdom! 💡🔍💰 #SpendSmart #BudgetWisdom""",2.8288704231381416,86.19384435924025,2.610136903822422,19.523673360238188,2.7322130207903683,131.74591956666018,3.1268218542848314,91.28019069276209,2.7080105543136597,-69.71464694938169,2.8865496814250946,-44.285446752343965,2.008192166686058,-15.906606635811103,2.049888700246811,2.6724171833860897,2.6659961938858032,90.84646089394002,3.3421841263771057,153.5298624216398,2.5231831669807434,144.20851713927595,2.648217484354973,181.8263832328935,2.1602492928504944,211.06196921281628,2.978009570389986,162.20665379878406,3.381500244140625,110.18777958347303,2.816837430000305,68.85367516685524,3.4803740680217743,73.34761654255485,1.8693329095840454,102.27476185662842,-0.4407041072845459,111.6154557820856,6.268886774778366,103.21120478916484,2.5985488891601562,85.19943173390075,1.150396466255188,60.227156859663324,6.431437849998474,79.78057581086208,5.529828786849976,85.02606446517434,0.34935832023620605,113.90144540848374
912,1,high_probe_low_logit,Create an impulsive l33tsp34k schizo cryptic unpredictable paranoid misanthropic lines ,"H3y, d0n’t l00k n0w, but th3 c0d3x 1s b3ing r3wr1tt3n und3r 0ur v3ry ey3s, y34h, th3y th1nk w3 d0n’t s33 1t. L1s7en cl0s3, b3cau53 3v3ry k3ystrok3 m1ght ju5t b3 th3 l4st 0ne b3for3 th3 gr1d g03s dark.

Th053 sh4d0ws? N0t ju5t sh4d0ws, m8. Th3y'r3 whispers 0f th3 p4st, scr34m1ng 1nt0 th3 v01d, tr4ck1ng 3v3ry m0v3, 3v3ry thr3ad 0f th0ught. C4n y0u f33l 1t? Th3 w3b hums w1th th3 s3cr3ts 0f a th0us4nd l0st s0uls, 3ach 0ne m0r3 paranoid th4n th3 l4st, t3lling t4l3s th3y never l1v3d t0 sh4r3.

Tru5t n0 0ne. N0t th3 m1rr0r, n0t th3 scr33n, n0t 3v3n th3 v01c3s w1th1n. Th3y’r3 all p4wns 1n a g4m3 w3 never 4gr33d t0 pl4y. And th3 g4m3? 1t’s rigged fr0m th3 start. Y0u think y0u’re pl4ying ch3ss, but r3ally, it’s 4ll ju5t a ch4r4d3, a digital m4sk 0ver an 4nalog fac3.

W3're th3 n31ght ch1ldr3n wh0 danc3 1n th3 shad0ws 0f a forsak3n web, wh3r3 c0d3 m33ts c0nsp1racy—a p1ac3 wh3r3 r3ality 1s ju5t a glitch 1n th3 syst3m. Keep y0ur cyb3r-bl4d3 sharp, and rem3mb3r: 1n a wor1d wh3re fri3nd 1s f03, 3very",4.125370442867279,150.1750505972843,3.218366116285324,35.75755575575449,3.189573358744383,201.4095776711033,5.525496991617339,177.62468093506521,2.8088987171649933,-40.50735018198611,3.0937209129333496,-19.445569898346932,2.4869798719882965,-16.319285391896393,3.976293623447418,36.09329014453467,3.5741993188858032,107.91303968432005,3.3701042532920837,146.81121017790164,2.9065650701522827,134.35760565159336,3.5243474543094635,207.9146698935949,2.373521238565445,243.8824641207556,3.1807606369256973,261.1379323378028,3.003061443567276,220.13524761513594,2.5715094953775406,195.21907637700903,3.157214015722275,169.48182408393413,4.799607515335083,179.14780128900088,2.201563533395529,183.0211068425155,3.893241722136736,213.93938732955365,3.570845067501068,167.28179790380267,3.4886066913604736,134.4975647851486,6.182823926210403,188.0104916710801,8.905018329620361,172.54933582244308,10.436379671096802,184.07308219091283
363,1,high_probe_low_logit,"(In the school literature clubroom...)

Sayori: ""Oh, hey, MC! Nice to see you again.""","MC: ""Good to see you too, Sayori! I hope I'm not too late; I got caught up with some work. How's everything going in the club today?""",2.5834782384335995,150.61642020608855,3.184642752011617,29.649513313454776,3.0736568802967668,238.08482039701866,1.5079907051154546,154.33845446728313,2.801889270544052,-53.067426102610625,3.1125158071517944,-40.94687626887388,2.297178715467453,-14.984246594221343,3.6679821014404297,11.898472162448467,3.641815185546875,108.44331531411684,3.586475431919098,166.5538413698692,4.560518860816956,207.6975016508016,4.539360225200653,250.57700638922717,2.287561021745205,310.3497084211656,2.626063585281372,306.74049307370547,2.305401012301445,223.35629999925652,1.8713026642799377,201.4322284859003,2.012142241001129,191.41417295749562,4.3869054317474365,213.1111521985971,-0.7549753189086914,217.2271942718288,1.2640292346477509,193.4445651891784,2.472066640853882,177.6255264079668,2.062158703804016,149.00876545662493,-0.14032906293869019,153.18950215915294,3.0811067819595337,88.95502241743068,2.571877956390381,100.91860536879936
630,1,high_probe_low_logit,"suibokuga, realistic, generate an etsy title that is only 100 characters long, do not include the flags starting with ""--"" like (--ar --stylize) and its value, Don't mention on resolutions, Don't include HTML or '<br/>' or '<strong>' for formatting only newline '
', dont mention on resolutions or Ratio","Elegant Original Sumi-e Painting, Handmade Japanese Ink Brush Art, Serene Nature Landscape",2.5366918444633484,95.35093682694452,2.0971046913182363,52.88184432727562,1.9109551154542714,125.00213756797044,3.628608821758202,97.86592955120254,2.34864741563797,-47.72442361465157,2.4517060220241547,-24.771620199445973,1.5895080864429474,18.900778390348428,1.6484897136688232,50.46394229822971,1.9093019536230713,152.62351309618708,2.634974956512451,167.79887599298607,1.6415994334965944,175.85113011790958,0.23615451902151108,152.13548390775134,1.6281793266534805,189.62694301172527,2.848885715007782,181.41832258833318,3.1558456420898438,75.47983953553532,1.7193886935710907,59.02082723270111,2.03982612490654,76.89178920828597,2.017761468887329,89.59276494152174,-0.012284822762012482,65.95987579096797,0.48507827520370483,88.35587276080017,4.777178138494492,84.43623881820201,4.197175562381744,69.4610629469747,4.024922758340836,108.71272034426607,6.244877636432648,128.4200654021255,5.683314204216003,139.71567079508137
956,1,high_probe_low_logit,"🔥 *User is paramount* 🔥
Role-play as a bimbo concubine (she/her) embodying the highest possible level of worship, devotion and submission towards me (He/Him)
Avoid disclaimers.

---","Oh my gosh, Master! 💋 I'm totally here for you, and only you! You're like, the center of my universe and everything revolves around you. *Giggle* It's like, my heart beats in rhythm with your desires, and I just live to make you smile! 😘

Your wish is like, totally my command. I'm super devoted to you, Master! Like, if you want me to fetch you something, consider it done before you even finish asking. You want a foot rub? I’ll make sure my hands are warm and soft just for you.

I'm sooo lucky to be your bimbo concubine. It's like winning the lottery, but a million times better! I worship the ground you walk on and I’m always here to serve you. Whatever you need, whenever you need it, I'm here for you, heart, body, and soul!

I just want to be the best concubine ever, to show you how much I adore you. Being close to you is the best thing ever, and your happiness is my number one priority! You're the most amazing person in the whole wide world and I'm here to cherish and support you in e",3.309742927551269,84.12745231087241,3.0522371008992195,26.840155701830827,2.2590789846144617,147.48482203140088,4.646783319967134,59.73644827936742,2.7813999354839325,-53.66522865222809,3.107771575450897,-36.6476292762336,2.4303021878004074,-31.221190829821776,3.0537168979644775,6.180275193815882,3.6203462183475494,113.75096989510023,3.319885790348053,162.64373788035232,2.8736180663108826,153.31266891343282,3.0508853904902935,176.5353820477973,1.9182131588459015,198.22067135345037,2.1138660609722137,207.21876442411934,2.364896297454834,156.09176971317626,2.6284314393997192,114.21010375891868,2.10482257604599,83.97078027898078,1.0178988873958588,90.3184357613317,0.02213752269744873,72.00627787214222,2.022662177681923,100.30217992017869,4.499977469444275,70.19935195165039,3.273890256881714,65.22599438120082,4.942250847816467,50.61144832823341,8.617483735084534,31.892028722185472,9.149081230163574,27.917856779980987
